Timestamp,PM2.5
2017-11-07,99.80583333333334
2017-11-08,110.9795652173913
2017-11-09,114.91583333333334
2017-11-10,119.4040909090909
2017-11-11,109.26727272727273
2017-11-12,120.354
2017-11-13,117.14666666666666
2017-11-14,89.475
2017-11-15,78.73058823529412
2017-11-16,74.19625
2017-11-17,70.82388888888889
2017-11-18,75.49277777777777
2017-11-19,76.59125
2017-11-20,71.13
2017-11-21,80.03208333333333
2017-11-22,94.763
2017-11-23,115.58
2017-11-24,98.59291666666667
2017-11-25,105.9509090909091
2017-11-26,103.87291666666665
2017-11-27,100.6059090909091
2017-11-28,103.21772727272727
2017-11-29,102.44625
2017-11-30,102.87045454545455
2017-12-01,97.10791666666667
2017-12-02,99.61916666666667
2017-12-03,101.05217391304348
2017-12-04,102.54238095238095
2017-12-05,98.92823529411764
2017-12-06,84.15
2017-12-07,88.34299999999999
2017-12-08,88.705
2017-12-09,86.2075
2017-12-10,85.78368421052632
2017-12-11,81.905
2017-12-12,81.71304347826087
2017-12-13,76.63521739130434
2017-12-14,72.6225
2017-12-15,74.72545454545455
2017-12-16,81.28875000000001
2017-12-17,73.43631578947368
2017-12-18,80.394
2017-12-19,98.4475
2017-12-20,116.14478260869565
2017-12-21,106.05833333333334
2017-12-22,90.15714285714286
2017-12-23,90.09625
2017-12-24,92.39590909090909
2017-12-25,94.73666666666666
2017-12-26,102.07875
2017-12-27,105.9
2017-12-28,112.56041666666665
2017-12-29,102.28875
2017-12-30,100.46208333333334
2017-12-31,100.08478260869565
2018-01-01,98.81583333333333
2018-01-02,100.27749999999999
2018-01-03,98.34791666666666
2018-01-04,103.43624999999999
2018-01-05,100.17916666666667
2018-01-06,101.84782608695652
2018-01-07,91.54590909090909
2018-01-08,96.68062499999999
2018-01-09,99.8290909090909
2018-01-10,96.50333333333333
2018-01-11,103.36999999999999
2018-01-12,104.61285714285714
2018-01-13,112.65545454545455
2018-01-14,106.52583333333332
2018-01-15,92.31347826086957
2018-01-16,93.86
2018-01-17,101.96181818181817
2018-01-18,98.28315789473683
2018-01-19,92.29304347826088
2018-01-20,85.02958333333333
2018-01-21,88.64958333333334
2018-01-22,90.99380952380952
2018-01-23,84.28391304347826
2018-01-24,82.19666666666667
2018-01-25,77.79375
2018-01-26,80.10875
2018-01-27,91.13375
2018-01-28,96.07
2018-01-29,88.874
2018-01-30,78.80624999999999
2018-01-31,81.39450000000001
2018-02-01,83.98826086956522
2018-02-02,80.5925
2018-02-03,80.96818181818182
2018-02-04,70.90347826086956
2018-02-05,74.93434782608696
2018-02-06,73.40833333333333
2018-02-07,71.02000000000001
2018-02-08,69.95428571428572
2018-02-09,71.18083333333333
2018-02-10,75.61833333333333
2018-02-11,68.13526315789473
2018-02-12,61.327999999999996
2018-02-13,61.751666666666665
2018-02-14,51.54947368421053
2018-02-15,60.3475
2018-02-16,69.6025
2018-02-17,73.71318181818182
2018-02-18,84.74521739130435
2018-02-19,85.57454545454546
2018-02-20,81.77458333333333
2018-02-21,79.90478260869565
2018-02-22,79.27434782608695
2018-02-23,73.695
2018-02-26,66.57142857142857
2018-02-27,62.53181818181818
2018-02-28,67.66041666666666
2018-03-01,70.50541666666668
2018-03-02,61.74583333333334
2018-03-03,54.46045454545455
2018-03-04,53.15956521739131
2018-03-05,50.90958333333333
2018-03-06,53.00125
2018-03-07,59.3165
2018-03-08,63.44954545454545
2018-03-09,68.19739130434782
2018-03-10,68.57307692307693
2018-03-11,70.05458333333333
2018-03-12,68.42954545454546
2018-03-18,58.295
2018-03-19,70.53545454545454
2018-03-20,74.35043478260869
2018-03-21,70.87125
2018-03-22,62.33958333333334
2018-03-23,62.47416666666666
2018-03-24,62.67958333333333
2018-03-25,64.38
2018-03-26,72.71166666666666
2018-03-27,73.40777777777777
2018-03-28,74.5047619047619
2018-03-29,71.8475
2018-03-30,65.84541666666667
2018-03-31,57.920416666666675
2018-04-01,48.598
2018-04-02,60.94133333333333
2018-04-03,60.54521739130435
2018-04-04,71.49249999999999
2018-04-05,61.96208333333333
2018-04-06,57.50083333333333
2018-04-07,52.530833333333334
2018-04-08,48.13818181818181
2018-04-09,53.14913043478261
2018-04-10,53.081875
2018-04-11,48.30227272727273
2018-04-12,44.43173913043478
2018-04-13,48.89333333333334
2018-04-14,53.86173913043478
2018-04-15,52.5504347826087
2018-04-16,57.54391304347826
2018-04-17,51.87083333333334
2018-04-18,54.61000000000001
2018-04-19,56.66083333333333
2018-04-20,53.843333333333334
2018-04-21,48.70249999999999
2018-04-22,46.73739130434783
2018-04-23,48.329047619047614
2018-04-24,54.470000000000006
2018-04-25,54.23818181818182
2018-04-26,49.60954545454546
2018-04-27,49.72866666666666
2018-04-28,48.46875
2018-04-29,46.338
2018-05-01,41.32375
2018-05-02,37.86217391304348
2018-05-03,35.38458333333333
2018-05-04,38.63863636363636
2018-05-05,46.432916666666664
2018-05-06,43.76791666666667
2018-05-07,47.20208333333333
2018-05-08,44.36739130434783
2018-05-09,47.04750000000001
2018-05-10,48.63916666666666
2018-05-11,48.409166666666664
2018-05-12,45.17458333333334
2018-05-13,40.037083333333335
2018-05-14,36.05714285714286
2018-05-28,44.865
2018-05-29,41.72708333333333
2018-05-30,40.83166666666667
2018-05-31,39.36875
2018-06-01,41.41416666666667
2018-06-02,42.836666666666666
2018-06-03,44.215
2018-06-04,43.37875
2018-06-05,41.0325
2018-06-06,39.336190476190474
2018-06-07,37.37
2018-06-08,33.29541666666667
2018-06-09,33.839
2018-06-10,31.42304347826087
2018-06-11,35.8025
2018-06-12,42.160000000000004
2018-06-13,52.871818181818185
2018-06-14,56.77363636363636
2018-06-15,52.91047619047619
2018-06-16,42.46368421052632
2018-06-17,35.3675
2018-06-18,34.61772727272727
2018-06-19,34.00714285714285
2018-06-20,38.28458333333334
2018-06-21,38.780454545454546
2018-06-22,35.87625
2018-06-23,32.77809523809524
2018-06-24,30.040833333333335
2018-06-25,30.38
2018-06-26,29.39708333333333
2018-06-27,24.26375
2018-06-28,21.213809523809523
2018-06-29,24.366666666666667
2018-06-30,26.872857142857146
2018-07-01,27.935833333333335
2018-07-02,24.519583333333333
2018-07-03,22.602500000000003
2018-07-04,22.11952380952381
2018-07-05,28.873809523809523
2018-07-06,32.330000000000005
2018-07-07,32.940000000000005
2018-07-08,30.734761904761903
2018-07-09,27.764347826086958
2018-07-10,25.710416666666664
2018-07-11,24.813333333333333
2018-07-12,22.39047619047619
2018-07-13,21.72375
2018-07-14,22.073500000000003
2018-07-15,21.382499999999997
2018-07-16,20.415
2018-07-17,20.08086956521739
2018-07-18,21.895
2018-07-19,23.882173913043477
2018-07-20,23.105416666666667
2018-07-21,21.96875
2018-07-22,22.30826086956522
2018-07-23,23.255
2018-07-24,24.869565217391305
2018-07-25,25.877916666666668
2018-07-26,25.027083333333334
2018-07-27,25.29875
2018-07-28,28.46375
2018-07-29,28.402916666666666
2018-07-30,28.66625
2018-07-31,30.349545454545456
2018-08-01,34.47541666666667
2018-08-02,39.180416666666666
2018-08-03,35.06416666666667
2018-08-04,37.281666666666666
2018-08-05,34.249583333333334
2018-08-06,30.516666666666666
2018-08-07,25.544166666666666
2018-08-08,23.076666666666668
2018-08-10,28.299333333333333
2018-08-11,24.387083333333333
2018-08-12,21.313333333333333
2018-08-13,22.83666666666667
2018-08-14,30.079166666666666
2018-08-15,24.37181818181818
2018-08-16,21.245416666666667
2018-08-17,21.435000000000002
2018-08-18,22.895833333333332
2018-08-19,23.41695652173913
2018-08-20,21.89
2018-08-21,21.117916666666666
2018-08-22,21.142916666666668
2018-08-23,21.864166666666666
2018-08-24,23.83409090909091
2018-08-25,21.173750000000002
2018-08-26,21.018333333333334
2018-08-27,23.053749999999997
2018-08-28,26.053749999999997
2018-08-29,26.65833333333333
2018-08-30,28.976250000000004
2018-08-31,26.440416666666668
2018-09-01,24.110833333333332
2018-09-02,22.177083333333332
2018-09-03,22.332083333333333
2018-09-04,25.8025
2018-09-05,28.078333333333333
2018-09-06,27.075833333333335
2018-09-07,24.546666666666667
2018-09-08,24.041999999999998
2018-09-09,25.29214285714286
2018-09-10,27.183333333333334
2018-09-11,28.22583333333333
2018-09-12,27.372083333333332
2018-09-13,29.011666666666667
2018-09-14,31.015454545454546
2018-09-15,33.480000000000004
2018-09-16,30.552380952380954
2018-09-17,33.21541666666666
2018-09-18,36.17
2018-09-19,37.70125
2018-09-20,35.765
2018-09-21,27.154736842105265
2018-09-22,24.267916666666665
2018-09-23,26.22304347826087
2018-09-24,27.287499999999998
2018-09-25,30.59090909090909
2018-09-26,35.55708333333333
2018-09-27,40.05125
2018-09-28,41.54625
2018-09-29,38.420833333333334
2018-09-30,40.34625
2018-10-01,40.37291666666667
2018-10-02,39.92916666666667
2018-10-03,41.737500000000004
2018-10-04,42.80125
2018-10-05,45.79083333333333
2018-10-06,49.01608695652173
2018-10-07,51.73333333333333
2018-10-08,55.35833333333333
2018-10-09,53.1275
2018-10-10,50.86041666666667
2018-10-11,45.217083333333335
2018-10-12,45.09375
2018-10-13,50.333333333333336
2018-10-14,52.314166666666665
2018-10-15,59.451249999999995
2018-10-16,58.62041666666667
2018-10-17,57.34458333333333
2018-10-18,57.37583333333333
2018-10-19,58.268750000000004
2018-10-20,65.86083333333333
2018-10-21,61.50260869565217
2018-10-22,63.58208333333334
2018-10-23,66.6025
2018-10-24,71.17739130434782
2018-10-25,69.41954545454546
2018-10-26,66.97652173913043
2018-10-27,75.16863636363637
2018-10-28,64.6895652173913
2018-10-29,65.2109090909091
2018-10-30,62.80833333333333
2018-10-31,62.8775
2018-11-01,64.22041666666667
2018-11-02,58.535
2018-11-03,52.869166666666665
2018-11-04,54.57416666666666
2018-11-05,68.33333333333333
2018-11-06,69.41250000000001
2018-11-07,110.10166666666667
2018-11-08,106.65772727272726
2018-11-09,86.09375
2018-11-10,89.86434782608696
2018-11-11,81.6125
2018-11-12,86.37583333333333
2018-11-13,84.27863636363637
2018-11-14,77.11565217391305
2018-11-15,69.6740909090909
2018-11-16,65.51545454545455
2018-11-17,70.82136363636363
2018-11-18,68.12565217391305
2018-11-19,73.90636363636364
2018-11-20,85.95
2018-11-21,75.86208333333333
2018-11-22,77.06421052631579
2018-11-23,73.48636363636363
2018-11-24,73.35260869565217
2018-11-25,74.80333333333333
2018-11-26,83.56272727272727
2018-11-27,77.77000000000001
2018-11-29,84.21900000000001
2018-11-30,84.40875
2018-12-01,80.35347826086957
2018-12-02,79.86041666666667
2018-12-03,84.20416666666667
2018-12-04,86.95291666666667
2018-12-05,85.50583333333333
2018-12-06,89.58285714285714
2018-12-07,82.61
2018-12-08,84.70565217391304
2018-12-09,89.52521739130434
2018-12-10,86.58083333333333
2018-12-11,92.2225
2018-12-13,78.01833333333333
2018-12-14,71.37083333333334
2018-12-15,73.53761904761905
2018-12-16,69.28173913043479
2018-12-17,70.08583333333333
2018-12-18,64.15666666666667
2018-12-19,69.34769230769231
2018-12-20,98.10454545454546
2018-12-21,86.91434782608695
2018-12-22,82.04400000000001
2018-12-23,83.670625
2018-12-24,86.64999999999999
2018-12-25,91.05130434782608
2018-12-26,91.53
2018-12-27,81.91799999999999
2018-12-30,114.89
2018-12-31,103.43133333333334
2019-01-01,104.25708333333334
2019-01-02,118.78458333333333
2019-01-03,102.85708333333334
2019-01-04,102.28041666666667
2019-01-05,99.84166666666665
2019-01-06,93.73791666666666
2019-01-07,88.59666666666668
2019-01-08,81.91875
2019-01-09,85.58416666666666
2019-01-10,91.23916666666666
2019-01-11,99.30083333333333
2019-01-12,102.01041666666667
2019-01-13,97.63333333333333
2019-01-14,81.5925
2019-01-15,77.47791666666667
2019-01-16,97.88499999999999
2019-01-17,97.90249999999999
2019-01-18,93.93208333333332
2019-01-19,90.10000000000001
2019-01-20,91.31083333333333
2019-01-21,74.58458333333333
2019-01-22,64.52333333333333
2019-01-23,65.135
2019-01-24,70.67041666666667
2019-01-25,60.445
2019-01-26,54.14681818181818
2019-01-27,55.04136363636364
2019-01-28,55.34916666666667
2019-01-29,57.88333333333333
2019-01-30,69.70916666666666
2019-01-31,83.21583333333334
2019-02-01,71.96833333333333
2019-02-02,76.50791666666667
2019-02-03,75.35375
2019-02-04,77.58125
2019-02-05,85.14083333333333
2019-02-06,82.16041666666666
2019-02-07,67.55916666666667
2019-02-08,57.58916666666667
2019-02-09,52.0875
2019-02-10,58.268750000000004
2019-02-11,66.09333333333333
2019-02-12,72.83041666666666
2019-02-13,81.17833333333333
2019-02-14,69.54083333333334
2019-02-15,56.138749999999995
2019-02-16,51.31666666666666
2019-02-17,52.882083333333334
2019-02-18,58.119166666666665
2019-02-19,59.5225
2019-02-20,58.01708333333334
2019-02-21,58.76666666666667
2019-02-22,57.856500000000004
2019-02-23,50.763749999999995
2019-02-24,53.9575
2019-02-25,53.12708333333333
2019-02-26,48.52125
2019-02-27,39.94625
2019-02-28,41.22375
2019-03-01,47.44571428571429
2019-03-02,53.27708333333334
2019-03-03,51.62875
2019-03-04,51.66916666666666
2019-03-05,49.10608695652174
2019-03-06,48.27608695652174
2019-03-07,51.465833333333336
2019-03-08,53.51521739130435
2019-03-09,47.227391304347826
2019-03-10,53.00583333333333
2019-03-11,48.657916666666665
2019-03-12,49.298750000000005
2019-03-13,55.5425
2019-03-14,52.32826086956521
2019-03-15,48.64791666666667
2019-03-16,44.913333333333334
2019-03-17,50.17250000000001
2019-03-18,51.01727272727272
2019-03-19,49.349583333333335
2019-03-20,46.43875
2019-03-21,50.407916666666665
2019-03-22,40.074999999999996
2019-03-23,43.85181818181818
2019-03-24,50.451249999999995
2019-03-25,53.72958333333333
2019-03-26,48.97833333333333
2019-03-27,51.9125
2019-03-28,59.23
2019-03-29,60.04666666666666
2019-03-30,61.65708333333333
2019-03-31,47.29125
2019-04-01,44.155
2019-04-02,47.509166666666665
2019-04-03,52.08916666666667
2019-04-04,52.0047619047619
2019-04-05,49.262
2019-04-06,44.945
2019-04-07,38.11571428571428
2019-04-08,41.75826086956522
2019-04-09,47.65277777777778
2019-04-10,46.002916666666664
2019-04-11,43.18083333333333
2019-04-12,43.345
2019-04-13,47.2845
2019-04-14,41.785833333333336
2019-04-15,42.43565217391304
2019-04-16,48.655
2019-04-17,33.73583333333333
2019-04-18,33.46375
2019-04-19,34.454166666666666
2019-04-20,37.75791666666667
2019-04-21,40.38458333333333
2019-04-22,44.81166666666667
2019-04-23,43.909166666666664
2019-04-24,45.88625
2019-04-25,48.63916666666666
2019-04-26,44.975833333333334
2019-04-27,33.514583333333334
2019-04-28,45.8025
2019-04-29,47.46083333333333
2019-04-30,46.93833333333333
2019-05-01,44.30875
2019-05-02,44.46083333333333
2019-05-03,39.87
2019-05-04,41.557916666666664
2019-05-05,43.33708333333333
2019-05-06,47.192499999999995
2019-05-07,51.144285714285715
2019-05-08,51.53130434782609
2019-05-09,50.324285714285715
2019-05-10,43.35818181818182
2019-05-11,43.66608695652174
2019-05-12,52.837391304347825
2019-05-13,46.74133333333334
2019-05-14,38.23761904761905
2019-05-15,44.26285714285714
2019-05-16,40.25476190476191
2019-05-17,41.49333333333333
2019-05-18,37.76958333333334
2019-05-19,39.62416666666667
2019-05-20,48.66545454545455
2019-05-21,39.731875
2019-05-22,40.9475
2019-05-23,39.585454545454546
2019-05-24,36.31333333333333
2019-05-25,36.13782608695652
2019-05-26,37.21125
2019-05-27,35.943333333333335
2019-05-28,35.04611111111112
2019-05-29,39.59863636363636
2019-05-30,42.116956521739134
2019-05-31,40.30318181818182
2019-06-01,39.00941176470588
2019-06-02,37.65190476190477
2019-06-03,34.035
2019-06-04,33.20173913043478
2019-06-05,39.83
2019-06-06,35.410555555555554
2019-06-07,32.96523809523809
2019-06-08,28.34705882352941
2019-06-09,31.599166666666665
2019-06-10,32.831
2019-06-11,33.88466666666667
2019-06-12,27.564
2019-06-13,26.971176470588233
2019-06-14,29.855
2019-06-15,34.51347826086956
2019-06-16,28.153333333333332
2019-06-17,28.98764705882353
2019-06-18,28.52058823529412
2019-06-19,31.678
2019-06-20,29.34333333333333
2019-06-21,31.082
2019-06-22,24.808333333333334
2019-06-23,24.42625
2019-06-24,22.1975
2019-06-25,23.672916666666666
2019-06-26,26.302083333333332
2019-06-27,21.204166666666666
2019-06-28,26.677916666666665
2019-06-29,29.81833333333333
2019-06-30,25.697916666666668
2019-07-01,20.085416666666667
2019-07-02,23.245416666666667
2019-07-03,19.832916666666666
2019-07-04,18.263478260869565
2019-07-05,21.277368421052632
2019-07-06,20.015625
2019-07-07,19.351666666666667
2019-07-08,21.4235
2019-07-09,21.622666666666667
2019-07-10,26.16470588235294
2019-07-11,33.01052631578948
2019-07-12,31.008125
2019-07-13,22.389565217391304
2019-07-14,28.434583333333332
2019-07-15,27.084999999999997
2019-07-16,26.454090909090908
2019-07-17,27.75611111111111
2019-07-18,27.33125
2019-07-20,25.980625
2019-07-21,23.755294117647058
2019-07-22,26.059166666666666
2019-07-23,22.56625
2019-07-24,20.587142857142858
2019-07-25,19.872941176470587
2019-07-26,19.066315789473684
2019-07-27,21.019545454545455
2019-07-28,18.324444444444445
2019-07-29,16.155555555555555
2019-07-30,13.965
2019-07-31,17.209333333333333
2019-08-01,18.02842105263158
2019-08-02,17.769375
2019-08-03,17.97909090909091
2019-08-04,19.488823529411764
2019-08-05,19.050555555555558
2019-08-06,18.413846153846155
2019-08-07,14.9925
2019-08-08,17.576
2019-08-09,16.483333333333334
2019-08-10,19.54222222222222
2019-08-11,21.915
2019-08-12,22.68136363636364
2019-08-13,22.544666666666668
2019-08-14,19.745555555555555
2019-08-15,17.770666666666667
2019-08-16,18.085454545454546
2019-08-17,19.745
2019-08-18,22.9925
2019-08-19,19.730833333333333
2019-08-20,20.156666666666666
2019-08-21,24.14833333333333
2019-08-22,22.566666666666666
2019-08-23,23.285
2019-08-24,20.93583333333333
2019-08-25,15.6075
2019-08-26,17.814583333333335
2019-08-27,19.795
2019-08-28,18.321538461538463
2019-08-29,18.21125
2019-08-30,14.388636363636364
2019-08-31,16.150000000000002
2019-09-01,15.970416666666667
2019-09-02,19.147916666666667
2019-09-03,18.094166666666666
2019-09-04,15.62
2019-09-05,16.580000000000002
2019-09-06,18.175
2019-09-07,17.51888888888889
2019-09-09,21.09315789473684
2019-09-10,26.2095652173913
2019-09-11,27.72
2019-09-12,26.07913043478261
2019-09-13,22.6975
2019-09-14,20.875714285714285
2019-09-15,27.314285714285713
2019-09-16,24.114375
2019-09-17,25.450769230769232
2019-09-18,27.877272727272725
2019-09-19,23.728571428571428
2019-09-20,24.6925
2019-09-21,23.134999999999998
2019-09-22,20.996666666666666
2019-09-23,26.431875
2019-09-24,22.531176470588235
2019-09-25,22.816666666666666
2019-09-26,19.626875
2019-09-27,17.447499999999998
2019-09-28,18.32875
2019-09-29,17.476666666666667
2019-09-30,22.62
2019-10-01,21.8525
2019-10-02,26.537
2019-10-03,29.311111111111114
2019-10-04,31.88769230769231
2019-10-05,34.7775
2019-10-06,37.767272727272726
2019-10-07,41.08210526315789
2019-10-08,35.48222222222222
2019-10-09,39.97818181818182
2019-10-10,38.538
2019-10-11,40.99909090909091
2019-10-12,47.088499999999996
2019-10-13,48.22217391304348
2019-10-14,53.26624999999999
2019-10-15,47.57052631578947
2019-10-16,51.0235
2019-10-17,52.178636363636365
2019-10-18,42.68666666666667
2019-10-19,44.451249999999995
2019-10-20,45.31458333333333
2019-10-21,47.19708333333333
2019-10-22,47.44375
2019-10-23,48.0975
2019-10-24,44.62875
2019-10-25,40.05708333333333
2019-10-26,42.845416666666665
2019-10-27,54.625416666666666
2019-10-28,84.06083333333333
2019-10-29,62.8125
2019-10-30,64.5023076923077
2019-10-31,69.33
2019-11-01,77.1575
2019-11-02,75.58458333333333
2019-11-03,79.73666666666666
2019-11-04,78.54333333333334
2019-11-05,73.53041666666667
2019-11-06,69.08916666666667
2019-11-07,61.60458333333333
2019-11-08,57.89958333333333
2019-11-09,57.041666666666664
2019-11-10,57.225
2019-11-11,65.91125
2019-11-12,79.065
2019-11-13,78.60625
2019-11-14,76.17375
2019-11-15,72.38875
2019-11-16,64.34875
2019-11-17,62.665
2019-11-18,67.64166666666667
2019-11-19,67.73041666666667
2019-11-20,72.75208333333333
2019-11-21,75.325
2019-11-22,74.31125
2019-11-23,74.2225
2019-11-24,69.57041666666667
2019-11-25,70.7675
2019-11-26,67.30208333333333
2019-11-27,62.74166666666667
2019-11-28,54.975
2019-11-29,59.44166666666666
2019-11-30,63.19958333333333
2019-12-01,62.01136363636363
2019-12-02,62.41458333333333
2019-12-03,68.25125
2019-12-04,71.44166666666668
2019-12-05,78.85666666666667
2019-12-06,77.01583333333333
2019-12-07,76.085
2019-12-08,70.99041666666666
2019-12-09,76.70375
2019-12-10,83.44166666666666
2019-12-11,85.19833333333334
2019-12-12,69.41
2019-12-13,48.180416666666666
2019-12-14,47.19833333333333
2019-12-15,49.470416666666665
2019-12-16,50.23333333333333
2019-12-17,54.99583333333334
2019-12-18,63.06458333333333
2019-12-19,70.79208333333334
2019-12-20,83.83624999999999
2019-12-21,81.26708333333333
2019-12-22,74.22083333333333
2019-12-23,76.67708333333333
2019-12-24,82.58916666666667
2019-12-25,77.78
2019-12-26,75.80208333333333
2019-12-27,71.16608695652174
2019-12-28,78.6225
2019-12-29,83.90791666666667
2019-12-30,81.78125
2019-12-31,93.30583333333334
2020-01-01,87.04208333333334
2020-01-02,71.38583333333334
2020-01-03,61.43291666666667
2020-01-04,65.51541666666667
2020-01-05,59.9075
2020-01-06,58.4075
2020-01-07,62.747083333333336
2020-01-08,59.61416666666667
2020-01-09,57.32958333333334
2020-01-10,58.384166666666665
2020-01-11,69.04416666666667
2020-01-12,77.99041666666666
2020-01-13,77.18416666666667
2020-01-14,74.38916666666667
2020-01-15,72.09333333333333
2020-01-16,63.6825
2020-01-17,63.201249999999995
2020-01-18,60.01291666666666
2020-01-19,55.18375
2020-01-20,61.785833333333336
2020-01-21,68.49083333333333
2020-01-22,66.12208333333334
2020-01-23,56.706250000000004
2020-01-24,55.68130434782609
2020-01-25,74.03750000000001
2020-01-26,71.76583333333333
2020-01-27,73.16166666666668
2020-01-28,62.49916666666667
2020-01-29,55.77875
2020-01-30,53.915416666666665
2020-01-31,51.242916666666666
2020-02-01,55.155833333333334
2020-02-02,50.66416666666667
2020-02-03,56.568333333333335
2020-02-04,62.845416666666665
2020-02-05,61.62916666666666
2020-02-06,55.88125
2020-02-07,57.34375
2020-02-08,58.365833333333335
2020-02-09,59.5425
2020-02-10,63.12583333333333
2020-02-11,66.78833333333334
2020-02-12,67.19041666666666
2020-02-13,65.92625
2020-02-14,58.504999999999995
2020-02-15,57.16458333333333
2020-02-16,61.51666666666667
2020-02-17,67.59166666666667
2020-02-18,62.137499999999996
2020-02-19,61.80125
2020-02-20,59.20333333333334
2020-02-21,52.48208333333333
2020-02-22,53.67875
2020-02-23,54.87625
2020-02-24,52.13916666666666
2020-02-25,49.41791666666666
2020-02-26,50.93875
2020-02-27,52.404583333333335
2020-02-28,52.25333333333333
2020-02-29,52.165416666666665
2020-03-01,48.63833333333333
2020-03-02,53.75375
2020-03-03,49.794999999999995
2020-03-04,43.9175
2020-03-05,37.52166666666667
2020-03-06,31.66208333333333
2020-03-07,33.16458333333333
2020-03-08,34.427083333333336
2020-03-09,39.52125
2020-03-10,38.097500000000004
2020-03-11,34.11708333333333
2020-03-12,35.27166666666667
2020-03-13,36.52791666666666
2020-03-14,36.32625
2020-03-15,38.0775
2020-03-16,41.365
2020-03-17,44.13791666666666
2020-03-18,44.02708333333334
2020-03-19,45.428333333333335
2020-03-20,42.30125
2020-03-21,40.069583333333334
2020-03-22,34.83833333333333
2020-03-23,36.765
2020-03-24,37.736666666666665
2020-03-25,34.615833333333335
2020-03-26,31.560000000000002
2020-03-27,30.02916666666667
2020-03-28,28.484166666666667
2020-03-29,27.056250000000002
2020-03-30,29.738333333333333
2020-03-31,33.757083333333334
2020-04-01,34.308749999999996
2020-04-02,33.43875
2020-04-03,31.320416666666663
2020-04-04,32.639583333333334
2020-04-05,36.70478260869565
2020-04-06,35.018750000000004
2020-04-07,31.859583333333333
2020-04-08,30.260833333333334
2020-04-09,34.33625
2020-04-10,34.14541666666667
2020-04-11,39.14125
2020-04-12,36.65958333333334
2020-04-13,40.07458333333333
2020-04-14,40.580416666666665
2020-04-15,37.70708333333334
2020-04-16,34.72217391304348
2020-04-17,36.45125
2020-04-18,30.12375
2020-04-19,27.01625
2020-04-20,27.241666666666664
2020-04-21,23.11375
2020-04-22,24.97083333333333
2020-04-23,27.315833333333334
2020-04-24,26.44125
2020-04-25,25.17
2020-04-26,23.250833333333333
2020-04-27,21.15375
2020-04-28,24.23125
2020-04-29,27.76125
2020-04-30,30.24875
2020-05-01,27.22458333333333
2020-05-02,26.26375
2020-05-03,27.314999999999998
2020-05-04,24.330833333333334
2020-05-05,23.43625
2020-05-06,24.410833333333333
2020-05-07,23.297083333333333
2020-05-08,27.801666666666666
2020-05-09,30.235833333333332
2020-05-10,27.3625
2020-05-11,25.438333333333333
2020-05-12,28.3025
2020-05-13,30.351666666666663
2020-05-14,29.580416666666665
2020-05-15,28.802083333333332
2020-05-16,30.307083333333335
2020-05-17,32.56916666666667
2020-05-18,33.262499999999996
2020-05-19,33.013333333333335
2020-05-20,31.39
2020-05-21,30.330416666666668
2020-05-22,33.7475
2020-05-23,31.53833333333333
2020-05-24,29.96875
2020-05-25,28.615
2020-05-26,28.790833333333335
2020-05-27,27.413749999999997
2020-05-28,26.08791666666667
2020-05-29,24.94125
2020-05-30,23.440833333333334
2020-05-31,20.331666666666667
2020-06-01,22.219166666666666
2020-06-02,22.995416666666667
2020-06-03,23.086250000000003
2020-06-04,21.97875
2020-06-05,19.754166666666666
2020-06-06,21.624166666666667
2020-06-07,22.353333333333335
2020-06-08,25.6725
2020-06-09,27.782916666666665
2020-06-10,27.45125
2020-06-11,25.547083333333333
2020-06-12,24.250416666666666
2020-06-13,22.195416666666663
2020-06-14,20.809166666666666
2020-06-15,19.940416666666668
2020-06-16,20.539166666666667
2020-06-17,20.479583333333334
2020-06-18,20.610833333333332
2020-06-19,21.302083333333332
2020-06-20,22.812916666666666
2020-06-21,21.05333333333333
2020-06-22,20.3825
2020-06-23,20.4475
2020-06-24,20.673750000000002
2020-06-25,20.832916666666666
2020-06-26,20.763333333333332
2020-06-27,22.115416666666665
2020-06-28,23.215
2020-06-29,22.527916666666666
2020-06-30,20.513333333333332
2020-07-01,19.8
2020-07-02,18.3675
2020-07-03,22.70375
2020-07-04,19.99153846153846
2020-07-06,18.134999999999998
2020-07-07,16.76
2020-07-11,16.97
2020-07-12,16.674999999999997
2020-07-15,21.543333333333333
2020-07-18,19.16
2020-07-19,17.545416666666664
2020-07-20,17.235416666666666
2020-07-21,16.929166666666667
2020-07-22,19.126250000000002
2020-07-23,19.728333333333335
2020-07-24,20.163333333333334
2020-07-25,20.53375
2020-07-26,20.519583333333333
2020-07-27,21.34375
2020-07-28,20.043333333333333
2020-07-29,19.520833333333332
2020-07-30,19.650000000000002
2020-07-31,21.02541666666667
2020-08-01,19.902916666666666
2020-08-02,18.743750000000002
2020-08-03,18.983333333333334
2020-08-04,18.595416666666665
2020-08-05,17.638749999999998
2020-08-06,15.611666666666666
2020-08-07,16.757083333333334
2020-08-08,19.165
2020-08-09,18.729166666666668
2020-08-10,19.9425
2020-08-11,20.52
2020-08-12,17.075
2020-08-13,16.486842105263158
2020-08-14,16.577391304347824
2020-08-15,16.531666666666666
2020-08-16,17.62666666666667
2020-08-17,18.135416666666668
2020-08-18,17.59375
2020-08-19,15.767916666666666
2020-08-20,15.343571428571428
2020-08-21,12.795454545454545
2020-08-22,13.934347826086958
2020-08-23,14.867083333333333
2020-08-24,14.343333333333334
2020-08-25,16.595384615384617
2020-08-26,19.294166666666666
2020-08-27,16.59173913043478
2020-08-28,17.271875
2020-08-29,19.064615384615387
2020-08-30,16.684615384615384
2020-08-31,15.099166666666667
2020-09-01,16.365416666666665
2020-09-02,19.583333333333332
2020-09-03,21.356666666666666
2020-09-04,20.736250000000002
2020-09-05,23.53
2020-09-06,22.7175
2020-09-07,21.282083333333333
2020-09-08,23.025833333333335
2020-09-09,26.165000000000003
2020-09-10,26.150833333333335
2020-09-11,25.9275
2020-09-12,25.742500000000003
2020-09-13,25.69875
2020-09-14,26.132916666666663
2020-09-15,26.5675
2020-09-16,26.745416666666667
2020-09-17,26.73
2020-09-18,25.84875
2020-09-19,28.251666666666665
2020-09-20,26.25708333333333
2020-09-21,25.316666666666666
2020-09-22,21.854583333333334
2020-09-23,19.3775
2020-09-24,21.479166666666668
2020-09-25,25.614583333333332
2020-09-26,26.228333333333335
2020-09-27,27.090416666666666
2020-09-28,34.244166666666665
2020-09-29,36.13125
2020-09-30,36.78958333333333
2020-10-01,35.99916666666667
2020-10-02,35.11291666666667
2020-10-03,35.68666666666667
2020-10-04,34.651666666666664
2020-10-05,33.01416666666667
2020-10-06,36.17208333333333
2020-10-07,38.54
2020-10-08,41.28458333333333
2020-10-09,43.193333333333335
2020-10-10,42.59916666666667
2020-10-11,41.577083333333334
2020-10-12,45.284166666666664
2020-10-13,41.52333333333333
2020-10-14,44.350833333333334
2020-10-15,42.263333333333335
2020-10-16,42.03333333333333
2020-10-17,46.16083333333333
2020-10-18,44.709583333333335
2020-10-19,48.445
2020-10-20,50.62583333333333
2020-10-21,53.5275
2020-10-22,55.27708333333334
2020-10-23,55.96666666666667
2020-10-24,56.32125
2020-10-25,57.195
2020-10-26,58.848333333333336
2020-10-27,63.181666666666665
2020-10-28,62.2875
2020-10-29,63.699999999999996
2020-10-30,64.22166666666666
2020-10-31,70.34083333333334
2020-11-01,69.3
2020-11-02,71.41791666666667
2020-11-03,71.85458333333334
2020-11-04,79.01958333333333
2020-11-05,74.1575
2020-11-06,78.985
2020-11-07,82.72875
2020-11-08,90.80874999999999
2020-11-09,96.44666666666666
2020-11-10,87.61458333333333
2020-11-11,73.61874999999999
2020-11-12,62.04125
2020-11-13,60.251666666666665
2020-11-14,92.98625
2020-11-15,71.28125
2020-11-16,46.56708333333333
2020-11-17,49.812083333333334
2020-11-18,50.69625
2020-11-19,53.38291666666667
2020-11-20,51.725833333333334
2020-11-21,53.929545454545455
2020-11-22,57.667391304347824
2020-11-23,66.79291666666667
2020-11-24,76.55333333333333
2020-11-25,72.8409090909091
2020-11-26,61.737500000000004
2020-11-27,51.61708333333333
2020-11-28,49.166666666666664
2020-11-29,54.986250000000005
2020-11-30,64.85333333333334
2020-12-01,80.04875
2020-12-02,79.67958333333333
2020-12-03,89.28166666666668
2020-12-04,82.79695652173913
2020-12-05,77.93374999999999
2020-12-06,75.62833333333333
2020-12-07,77.28750000000001
2020-12-08,73.03833333333334
2020-12-09,71.16458333333334
2020-12-10,64.94208333333333
2020-12-11,63.44166666666666
2020-12-12,62.72833333333333
2020-12-13,62.421666666666674
2020-12-14,59.91958333333333
2020-12-15,70.63791666666667
2020-12-16,70.24249999999999
2020-12-17,68.08958333333334
2020-12-18,69.06625
2020-12-19,71.39541666666666
2020-12-20,72.98166666666667
2020-12-21,79.82208333333334
2020-12-22,89.57458333333334
2020-12-23,91.74374999999999
2020-12-24,88.32916666666667
2020-12-25,81.69708333333334
2020-12-26,87.0125
2020-12-27,85.55083333333333
2020-12-28,82.18083333333333
2020-12-29,77.01625
2020-12-30,79.43041666666666
2020-12-31,87.58875
2021-01-01,94.1925
2021-01-02,94.58083333333333
2021-01-03,80.46041666666666
2021-01-04,72.87375
2021-01-05,68.905
2021-01-06,70.87958333333333
2021-01-07,61.623333333333335
2021-01-08,62.840833333333336
2021-01-09,64.53458333333333
2021-01-10,63.39958333333333
2021-01-11,62.479166666666664
2021-01-12,66.30416666666666
2021-01-13,71.83749999999999
2021-01-14,78.0675
2021-01-15,80.65333333333334
2021-01-16,76.4725
2021-01-17,74.76416666666667
2021-01-18,80.915
2021-01-19,80.74708333333334
2021-01-20,73.51291666666667
2021-01-21,70.33666666666666
2021-01-22,76.54125
2021-01-23,72.8425
2021-01-24,81.165
2021-01-25,75.69916666666667
2021-01-26,69.47458333333334
2021-01-27,72.59791666666666
2021-01-28,81.09958333333334
2021-01-29,72.39958333333333
2021-01-30,72.69208333333333
2021-01-31,74.59625
2021-02-01,83.16958333333334
2021-02-02,78.27125
2021-02-03,69.91083333333333
2021-02-04,61.71458333333334
2021-02-05,56.79624999999999
2021-02-06,56.9975
2021-02-07,58.8675
2021-02-08,65.80666666666667
2021-02-09,73.23541666666667
2021-02-10,74.8575
2021-02-11,73.97708333333334
2021-02-12,74.28416666666666
2021-02-13,69.59125
2021-02-14,69.30416666666666
2021-02-15,68.14375
2021-02-16,62.57666666666666
2021-02-17,59.27333333333333
2021-02-18,60.223749999999995
2021-02-19,60.569583333333334
2021-02-20,60.62416666666667
2021-02-21,60.690416666666664
2021-02-22,60.223749999999995
2021-02-23,61.67416666666667
2021-02-24,60.88375
2021-02-25,61.51666666666667
2021-02-26,55.24541666666667
2021-02-27,51.79458333333333
2021-02-28,50.26083333333333
2021-03-01,48.79208333333333
2021-03-02,49.48583333333334
2021-03-03,55.905833333333334
2021-03-04,59.71625
2021-03-05,54.42250000000001
2021-03-06,51.281666666666666
2021-03-07,54.477916666666665
2021-03-08,51.29291666666666
2021-03-09,53.18541666666667
2021-03-10,49.72666666666667
2021-03-11,48.27125
2021-03-12,44.80916666666667
2021-03-13,43.45041666666666
2021-03-14,46.574999999999996
2021-03-15,53.36333333333334
2021-03-16,61.66833333333333
2021-03-17,65.92125
2021-03-18,65.43791666666667
2021-03-19,60.272083333333335
2021-03-20,58.84458333333333
2021-03-21,56.70166666666666
2021-03-22,53.49625
2021-03-23,50.69333333333333
2021-03-24,51.275
2021-03-25,50.12916666666666
2021-03-26,55.58541666666667
2021-03-27,65.3475
2021-03-28,70.19565217391305
2021-03-29,59.08583333333333
2021-03-30,53.71416666666667
2021-03-31,50.49208333333333
2021-04-01,46.82583333333333
2021-04-02,48.67739130434782
2021-04-03,48.56304347826087
2021-04-04,49.37347826086956
2021-04-05,51.00416666666666
2021-04-06,53.86363636363637
2021-04-07,50.86416666666667
2021-04-08,50.14666666666667
2021-04-09,46.16583333333333
2021-04-10,44.522083333333335
2021-04-11,44.21
2021-04-12,46.19625
2021-04-13,36.611250000000005
2021-04-14,35.85
2021-04-15,34.47416666666667
2021-04-16,43.643750000000004
2021-04-17,38.13333333333333
2021-04-18,38.58291666666667
2021-04-19,41.38791666666667
2021-04-20,41.516666666666666
2021-04-21,38.47708333333333
2021-04-22,37.02875
2021-04-23,36.696666666666665
2021-04-24,38.24
2021-04-25,43.33416666666667
2021-04-26,47.399166666666666
2021-04-27,50.967083333333335
2021-04-28,50.231249999999996
2021-04-29,46.26913043478261
2021-04-30,44.35791666666666
2021-05-01,41.91913043478261
2021-05-02,37.35208333333333
2021-05-03,34.477619047619044
2021-05-04,33.2375
2021-05-05,31.26
2021-05-06,32.33052631578947
2021-05-07,29.347368421052632
2021-05-08,30.702222222222222
2021-05-09,30.550434782608693
2021-05-10,27.585652173913044
2021-05-11,26.83181818181818
2021-05-12,26.080476190476194
2021-05-13,25.442500000000003
2021-05-14,28.508095238095237
2021-05-15,27.91736842105263
2021-05-16,26.325294117647058
2021-05-17,25.753888888888888
2021-05-18,22.04105263157895
2021-05-19,20.207647058823532
2021-05-20,21.604545454545455
2021-05-21,25.453
2021-05-22,29.964347826086954
2021-05-23,37.019090909090906
2021-05-24,34.29947368421053
2021-05-25,31.369999999999997
2021-05-26,28.56952380952381
2021-05-27,27.654782608695655
2021-05-28,25.41333333333333
2021-05-29,25.30458333333333
2021-05-30,28.247083333333332
2021-05-31,30.427916666666665
2021-06-01,26.092916666666667
2021-06-02,26.275000000000002
2021-06-03,27.69875
2021-06-04,27.422083333333333
2021-06-05,24.816666666666666
2021-06-06,26.29041666666667
2021-06-07,27.625
2021-06-08,28.885833333333334
2021-06-09,27.360833333333332
2021-06-10,25.430833333333336
2021-06-11,22.78833333333333
2021-06-12,19.41722222222222
2021-06-13,19.27125
2021-06-14,23.16208333333333
2021-06-15,22.007368421052632
2021-06-16,21.462352941176473
2021-06-17,21.85666666666667
2021-06-18,21.452777777777776
2021-06-19,21.16913043478261
2021-06-20,22.493684210526315
2021-06-21,26.68136363636364
2021-06-22,30.1265
2021-06-23,31.831304347826087
2021-06-24,27.64333333333333
2021-06-25,28.235833333333332
2021-06-26,28.68941176470588
2021-06-27,24.989166666666666
2021-06-28,28.667916666666667
2021-06-29,30.90375
2021-06-30,29.017916666666665
2021-07-01,27.166666666666668
2021-07-02,27.132916666666663
2021-07-03,22.1075
2021-07-04,26.31375
2021-07-05,28.689166666666665
2021-07-06,29.73125
2021-07-07,29.358333333333334
2021-07-08,25.124583333333334
2021-07-09,24.18041666666667
2021-07-10,25.675416666666667
2021-07-11,21.782083333333333
2021-07-12,18.755416666666665
2021-07-13,17.1975
2021-07-14,16.620416666666667
2021-07-15,17.60291666666667
2021-07-16,19.644166666666667
2021-07-17,20.525000000000002
2021-07-18,17.895833333333332
2021-07-19,17.57875
2021-07-20,17.555416666666666
2021-07-21,18.805833333333332
2021-07-22,19.50375
2021-07-23,20.453333333333333
2021-07-24,20.199166666666667
2021-07-25,19.399166666666666
2021-07-26,19.494583333333335
2021-07-27,18.820833333333333
2021-07-28,16.23375
2021-07-29,16.194166666666668
2021-07-30,16.344166666666666
2021-07-31,17.160833333333333
2021-08-01,17.270833333333332
2021-08-02,18.910833333333333
2021-08-03,19.515416666666667
2021-08-04,20.326363636363638
2021-08-05,22.103333333333335
2021-08-06,23.31625
2021-08-07,23.376666666666665
2021-08-08,22.604583333333334
2021-08-09,23.877499999999998
2021-08-10,26.495416666666667
2021-08-11,26.03625
2021-08-12,25.775833333333335
2021-08-13,26.09875
2021-08-14,25.305833333333336
2021-08-15,25.794583333333335
2021-08-16,24.00782608695652
2021-08-17,25.397333333333332
2021-08-18,24.327272727272728
2021-08-19,24.635416666666668
2021-08-20,19.329166666666666
2021-08-21,18.166666666666668
2021-08-22,20.503333333333334
2021-08-23,20.020416666666666
2021-08-24,21.677142857142858
2021-08-25,22.2775
2021-08-26,25.150833333333335
2021-08-27,25.3475
2021-08-28,22.98875
2021-08-29,20.346666666666668
2021-08-30,20.754117647058823
2021-08-31,18.689333333333334
2021-09-01,18.935499999999998
2021-09-02,19.561666666666667
2021-09-03,18.535833333333333
2021-09-04,20.455000000000002
2021-09-05,21.978333333333335
2021-09-06,22.45782608695652
2021-09-07,19.173750000000002
2021-09-08,16.305416666666666
2021-09-09,17.8675
2021-09-10,18.1175
2021-09-11,17.337083333333332
2021-09-12,17.539166666666667
2021-09-13,17.72791666666667
2021-09-14,17.599565217391305
2021-09-15,15.368636363636364
2021-09-16,12.635714285714286
2021-09-20,22.509999999999998
2021-09-21,20.280416666666667
2021-09-22,20.331666666666667
2021-09-23,21.127083333333335
2021-09-24,22.942083333333333
2021-09-25,24.0675
2021-09-26,23.35875
2021-09-27,23.184583333333332
2021-09-28,20.665416666666665
2021-09-29,20.09958333333333
2021-09-30,22.090416666666666
2021-10-01,23.834999999999997
2021-10-02,22.598333333333333
2021-10-03,21.514166666666668
2021-10-04,24.829583333333332
2021-10-05,26.308333333333334
2021-10-06,28.956666666666667
2021-10-07,32.877916666666664
2021-10-08,37.405833333333334
2021-10-09,38.339166666666664
2021-10-10,38.345
2021-10-11,40.60458333333333
2021-10-12,44.43958333333333
2021-10-13,47.08208333333334
2021-10-14,47.274166666666666
2021-10-15,46.97541666666667
2021-10-16,45.64434782608696
2021-10-17,32.935833333333335
2021-10-18,24.507499999999997
2021-10-19,32.53541666666667
2021-10-20,44.27708333333334
2021-10-21,44.4475
2021-10-22,43.252916666666664
2021-10-23,42.629583333333336
2021-10-24,40.31666666666667
2021-10-25,45.00375
2021-10-26,50.555416666666666
2021-10-27,53.95083333333333
2021-10-28,55.975833333333334
2021-10-29,53.09583333333333
2021-10-30,56.595416666666665
2021-10-31,55.31625
2021-11-01,57.17090909090909
2021-11-02,51.431538461538466
2021-11-03,62.513333333333335
2021-11-04,56.71727272727273
2021-11-05,75.386875
2021-11-06,74.04541666666667
2021-11-07,74.59291666666667
2021-11-08,81.9425
2021-11-09,84.30791666666666
2021-11-10,81.99666666666667
2021-11-11,79.33624999999999
2021-11-12,73.79541666666667
2021-11-13,66.54375
2021-11-14,62.37958333333333
2021-11-15,67.90583333333333
2021-11-16,66.36958333333334
2021-11-17,66.38541666666667
2021-11-18,64.81791666666668
2021-11-19,63.73541666666667
2021-11-20,60.37875
2021-11-21,54.107499999999995
2021-11-22,49.57541666666666
2021-11-23,56.565416666666664
2021-11-24,59.07958333333334
2021-11-25,65.345
2021-11-26,69.24875
2021-11-27,69.19125
2021-11-28,67.97041666666667
2021-11-29,64.62541666666667
2021-11-30,64.33749999999999
2021-12-01,74.86833333333333
2021-12-02,69.17041666666667
2021-12-03,65.30952380952381
2021-12-04,66.61375
2021-12-05,61.36833333333333
2021-12-06,56.29636363636364
2021-12-07,54.14791666666667
2021-12-08,53.81041666666667
2021-12-09,54.305416666666666
2021-12-10,54.599583333333335
2021-12-11,57.84833333333333
2021-12-12,60.29916666666667
2021-12-13,65.1775
2021-12-14,68.3
2021-12-15,77.21818181818182
2021-12-16,72.13041666666668
2021-12-17,70.51291666666667
2021-12-18,65.33916666666667
2021-12-19,66.39041666666667
2021-12-20,74.77499999999999
2021-12-21,89.84125
2021-12-22,94.37095238095237
2021-12-23,89.66318181818181
2021-12-24,82.92625
2021-12-25,90.18666666666667
2021-12-26,89.50541666666668
2021-12-27,67.3875
2021-12-28,67.75041666666667
2021-12-29,53.47578947368421
2021-12-30,53.00181818181818
2021-12-31,56.486250000000005
2022-01-01,63.3125
2022-01-02,68.11708333333333
2022-01-03,75.36041666666667
2022-01-04,74.45333333333333
2022-01-05,72.04083333333334
2022-01-06,64.60111111111111
2022-01-11,46.0525
2022-01-12,47.64041666666666
2022-01-13,50.75875
2022-01-14,53.07958333333334
2022-01-15,52.217083333333335
2022-01-16,54.38583333333333
2022-01-17,58.732499999999995
2022-01-18,62.468333333333334
2022-01-19,70.90916666666666
2022-01-20,66.76181818181819
2022-01-21,61.18142857142857
2022-01-22,54.317619047619054
2022-01-23,54.27772727272727
2022-01-24,61.49142857142857
2022-01-25,59.54416666666666
2022-01-26,54.5
2022-01-27,51.18
2022-01-28,47.754999999999995
2022-01-29,58.82909090909091
2022-01-30,60.71958333333333
2022-01-31,76.76541666666667
2022-02-01,64.9725
2022-02-02,61.21521739130435
2022-02-03,53.28541666666666
2022-02-04,42.969130434782606
2022-02-05,49.24
2022-02-06,53.19083333333333
2022-02-07,55.62958333333333
2022-02-08,55.78041666666667
2022-02-09,50.965833333333336
2022-02-10,52.219166666666666
2022-02-11,48.72291666666666
2022-02-12,51.887499999999996
2022-02-13,52.54583333333333
2022-02-14,53.143750000000004
2022-02-15,53.58541666666667
2022-02-16,55.339
2022-02-17,51.85208333333333
2022-02-18,51.27375
2022-02-19,50.91583333333333
2022-02-20,48.785
2022-02-21,50.27875
2022-02-22,50.056666666666665
2022-02-23,53.307500000000005
2022-02-24,53.24458333333333
2022-02-25,50.34458333333333
2022-02-26,44.85333333333333
2022-02-27,41.39666666666667
2022-02-28,43.00958333333333
2022-03-01,44.965
2022-03-02,46.395833333333336
2022-03-03,46.34291666666667
2022-03-04,44.84041666666667
2022-03-05,44.94541666666667
2022-03-06,49.07
2022-03-07,52.973749999999995
2022-03-08,52.81791666666666
2022-03-09,50.04666666666666
2022-03-10,53.009166666666665
2022-03-11,52.24875
2022-03-12,53.52166666666667
2022-03-13,58.16791666666666
2022-03-14,62.05625
2022-03-15,60.805416666666666
2022-03-16,56.09125
2022-03-17,60.9275
2022-03-18,60.67541666666667
2022-03-19,52.455000000000005
2022-03-20,50.643750000000004
2022-03-21,54.34625
2022-03-22,51.215833333333336
2022-03-23,58.43625
2022-03-24,55.40833333333333
2022-03-25,49.65958333333333
2022-03-26,48.282916666666665
2022-03-27,50.99625
2022-03-28,55.25416666666666
2022-03-29,53.885
2022-03-30,53.967083333333335
2022-03-31,59.14083333333334
2022-04-01,68.57666666666667
2022-04-06,34.14454545454546
2022-04-07,38.742666666666665
2022-04-08,35.38933333333333
2022-04-09,39.34875
2022-04-10,55.91
2022-04-19,44.409285714285716
2022-04-20,44.29708333333334
2022-04-21,45.35041666666667
2022-04-22,41.597500000000004
2022-04-23,44.21083333333333
2022-04-24,44.66458333333333
2022-04-25,46.49583333333334
2022-04-26,47.465833333333336
2022-04-27,50.291666666666664
2022-04-28,49.00333333333333
2022-04-29,47.45583333333334
2022-04-30,45.99791666666667
2022-05-01,40.89458333333334
2022-05-02,41.07083333333333
2022-05-03,47.690909090909095
2022-05-04,35.960625
2022-05-05,41.029583333333335
2022-05-06,45.79666666666666
2022-05-07,48.39541666666667
2022-05-08,44.98
2022-05-09,41.45333333333333
2022-05-10,37.217083333333335
2022-05-11,36.367916666666666
2022-05-12,36.095416666666665
2022-05-13,39.01625
2022-05-14,42.90708333333333
2022-05-15,42.086666666666666
2022-05-16,45.12375
2022-05-17,45.951249999999995
2022-05-18,45.35874999999999
2022-05-19,46.0875
2022-05-20,42.05583333333333
2022-05-21,42.29625
2022-05-22,37.61416666666667
2022-05-23,31.78333333333333
2022-05-24,33.83958333333333
2022-05-25,38.53791666666667
2022-05-26,40.232083333333335
2022-05-27,36.57666666666667
2022-05-28,36.9125
2022-05-29,34.89208333333333
2022-05-30,36.977916666666665
2022-05-31,41.46541666666666
2022-06-01,41.645833333333336
2022-06-02,42.25541666666667
2022-06-03,39.42541666666667
2022-06-04,38.50375
